objectPath,objectName,objectType,id
/SYS,iCUE_AWS_ETL_CONTROL_OWNER,Connection,cAtlKVTERa6hcTPWDyRa0Q
/Explore/Default,s_P3_VACCINES_STG_VAC_PODS,MTT,aKXm8hSmRSEfrwkNhXsiAr
/SYS,iCUE_AWS_VSTG_REPL_OWNER,Connection,8oLX8Mn1M1NbVrak5cSvUo
/SYS,POL_AWS_KOL_IB_OWNER,Connection,cqza5PmuOu9iMY5bSsiww9
/SYS,EUZ1PLDW05.EUPWBS.COM,AgentGroup,k7U6qzGDBWfdhBDGmjebYr
/Explore,Default,Project,j1KaIZU24iZiSfXkj9PbiC
/Explore/Default,m_P3_VACCINES_STG_VAC_PODS,DTEMPLATE,2ZLECvRZMEXesY4gDZWwmx
/SYS,iCUE_AWS_VSTG_ETL_OWNER,Connection,90iS9XB5A9ofGjBID5yOuO