{
  "name" : "s_P3_VACCINES_STG_VAC_PODS-1656312278476",
  "sourceOrgId" : "37SBcQYVR8ucHwvhal73EA",
  "sourceOrgName" : "Master_Pfizer_PRD",
  "exportedObjects" : [ {
    "objectGuid" : "cAtlKVTERa6hcTPWDyRa0Q",
    "objectName" : "iCUE_AWS_ETL_CONTROL_OWNER",
    "objectType" : "Connection",
    "path" : "/SYS",
    "metadata" : {
      "modelVersion" : {
        "major" : 0,
        "minor" : 0
      },
      "repoInfo" : {
        "repoHandle" : "000BNL0B00000000003Y"
      },
      "objectRefs" : [ "k7U6qzGDBWfdhBDGmjebYr" ],
      "contextAttributes" : [ {
        "name" : "id",
        "value" : "@1"
      } ],
      "additionalInfo" : {
        "description" : "Oracle iCUE DB hosted on AWS",
        "contentType" : "JSON",
        "documentState" : "VALID"
      }
    }
  }, {
    "objectGuid" : "aKXm8hSmRSEfrwkNhXsiAr",
    "objectName" : "s_P3_VACCINES_STG_VAC_PODS",
    "objectType" : "MTT",
    "path" : "/Explore/Default",
    "metadata" : {
      "modelVersion" : {
        "major" : 0,
        "minor" : 0
      },
      "repoInfo" : {
        "repoHandle" : "000BNL0Z0000000001UG"
      },
      "objectRefs" : [ "cAtlKVTERa6hcTPWDyRa0Q", "8oLX8Mn1M1NbVrak5cSvUo", "k7U6qzGDBWfdhBDGmjebYr", "cqza5PmuOu9iMY5bSsiww9", "2ZLECvRZMEXesY4gDZWwmx", "90iS9XB5A9ofGjBID5yOuO" ],
      "contextAttributes" : [ {
        "name" : "id",
        "value" : "@1"
      } ],
      "additionalInfo" : {
        "description" : "",
        "contentType" : "JSON",
        "documentState" : "VALID"
      }
    }
  }, {
    "objectGuid" : "8oLX8Mn1M1NbVrak5cSvUo",
    "objectName" : "iCUE_AWS_VSTG_REPL_OWNER",
    "objectType" : "Connection",
    "path" : "/SYS",
    "metadata" : {
      "modelVersion" : {
        "major" : 0,
        "minor" : 0
      },
      "repoInfo" : {
        "repoHandle" : "000BNL0B00000000003Z"
      },
      "objectRefs" : [ "k7U6qzGDBWfdhBDGmjebYr" ],
      "contextAttributes" : [ {
        "name" : "id",
        "value" : "@1"
      } ],
      "additionalInfo" : {
        "description" : "Connection for VSTG_REPL_OWNER schema on Oracle iCUE DB hosted on AWS",
        "contentType" : "JSON",
        "documentState" : "VALID"
      }
    }
  }, {
    "objectGuid" : "cqza5PmuOu9iMY5bSsiww9",
    "objectName" : "POL_AWS_KOL_IB_OWNER",
    "objectType" : "Connection",
    "path" : "/SYS",
    "metadata" : {
      "modelVersion" : {
        "major" : 0,
        "minor" : 0
      },
      "repoInfo" : {
        "repoHandle" : "000BNL0B00000000007P"
      },
      "objectRefs" : [ "k7U6qzGDBWfdhBDGmjebYr" ],
      "contextAttributes" : [ {
        "name" : "id",
        "value" : "@1"
      } ],
      "additionalInfo" : {
        "description" : "1231543",
        "contentType" : "JSON",
        "documentState" : "VALID"
      }
    }
  }, {
    "objectGuid" : "k7U6qzGDBWfdhBDGmjebYr",
    "objectName" : "EUZ1PLDW05.EUPWBS.COM",
    "objectType" : "AgentGroup",
    "path" : "/SYS",
    "metadata" : {
      "modelVersion" : {
        "major" : 0,
        "minor" : 0
      },
      "repoInfo" : {
        "repoHandle" : "000BNL25000000000009"
      },
      "objectRefs" : [ ],
      "contextAttributes" : [ {
        "name" : "id",
        "value" : "@1"
      } ],
      "additionalInfo" : {
        "description" : null,
        "contentType" : "JSON",
        "documentState" : "VALID"
      }
    }
  }, {
    "objectGuid" : "j1KaIZU24iZiSfXkj9PbiC",
    "objectName" : "Default",
    "objectType" : "Project",
    "path" : "/Explore",
    "metadata" : {
      "modelVersion" : {
        "major" : 0,
        "minor" : 0
      },
      "repoInfo" : null,
      "objectRefs" : [ ],
      "contextAttributes" : [ {
        "name" : "IS_DEF_LOC",
        "value" : "true"
      } ],
      "additionalInfo" : {
        "description" : "Auto-generated Default Project",
        "contentType" : null,
        "documentState" : "COMPLETE"
      }
    }
  }, {
    "objectGuid" : "2ZLECvRZMEXesY4gDZWwmx",
    "objectName" : "m_P3_VACCINES_STG_VAC_PODS",
    "objectType" : "DTEMPLATE",
    "path" : "/Explore/Default",
    "metadata" : {
      "modelVersion" : {
        "major" : 0,
        "minor" : 0
      },
      "repoInfo" : {
        "repoHandle" : "000BNL170000000001M7"
      },
      "objectRefs" : [ "cAtlKVTERa6hcTPWDyRa0Q", "8oLX8Mn1M1NbVrak5cSvUo", "cqza5PmuOu9iMY5bSsiww9", "90iS9XB5A9ofGjBID5yOuO" ],
      "contextAttributes" : [ {
        "name" : "id",
        "value" : "@1"
      } ],
      "additionalInfo" : {
        "description" : "Stage mapping to load milestone data",
        "contentType" : "JSON",
        "documentState" : "VALID"
      }
    }
  }, {
    "objectGuid" : "90iS9XB5A9ofGjBID5yOuO",
    "objectName" : "iCUE_AWS_VSTG_ETL_OWNER",
    "objectType" : "Connection",
    "path" : "/SYS",
    "metadata" : {
      "modelVersion" : {
        "major" : 0,
        "minor" : 0
      },
      "repoInfo" : {
        "repoHandle" : "000BNL0B00000000003Q"
      },
      "objectRefs" : [ "k7U6qzGDBWfdhBDGmjebYr" ],
      "contextAttributes" : [ {
        "name" : "id",
        "value" : "@1"
      } ],
      "additionalInfo" : {
        "description" : "Oracle iCUE DB hosted on AWS",
        "contentType" : "JSON",
        "documentState" : "VALID"
      }
    }
  } ]
}