{
  "name" : "P3_VACCINES_SFDC_SYNC_VAC_PODS_INS-1656312868158",
  "sourceOrgId" : "37SBcQYVR8ucHwvhal73EA",
  "sourceOrgName" : "Master_Pfizer_PRD",
  "exportedObjects" : [ {
    "objectGuid" : "k7U6qzGDBWfdhBDGmjebYr",
    "objectName" : "EUZ1PLDW05.EUPWBS.COM",
    "objectType" : "AgentGroup",
    "path" : "/SYS",
    "metadata" : {
      "modelVersion" : {
        "major" : 0,
        "minor" : 0
      },
      "repoInfo" : {
        "repoHandle" : "000BNL25000000000009"
      },
      "objectRefs" : [ ],
      "contextAttributes" : [ {
        "name" : "id",
        "value" : "@1"
      } ],
      "additionalInfo" : {
        "description" : null,
        "contentType" : "JSON",
        "documentState" : "VALID"
      }
    }
  }, {
    "objectGuid" : "9kjqBZ0XXmth6NYjFMwe6K",
    "objectName" : "P3_ONC_MA_INT_USER",
    "objectType" : "Connection",
    "path" : "/SYS",
    "metadata" : {
      "modelVersion" : {
        "major" : 0,
        "minor" : 0
      },
      "repoInfo" : {
        "repoHandle" : "000BNL0B00000000009D"
      },
      "objectRefs" : [ "k7U6qzGDBWfdhBDGmjebYr" ],
      "contextAttributes" : [ {
        "name" : "id",
        "value" : "@1"
      } ],
      "additionalInfo" : {
        "description" : "SFDC connection for P3 ONC",
        "contentType" : "JSON",
        "documentState" : "COMPLETE"
      }
    }
  }, {
    "objectGuid" : "j1KaIZU24iZiSfXkj9PbiC",
    "objectName" : "Default",
    "objectType" : "Project",
    "path" : "/Explore",
    "metadata" : {
      "modelVersion" : {
        "major" : 0,
        "minor" : 0
      },
      "repoInfo" : null,
      "objectRefs" : [ ],
      "contextAttributes" : [ {
        "name" : "IS_DEF_LOC",
        "value" : "true"
      } ],
      "additionalInfo" : {
        "description" : "Auto-generated Default Project",
        "contentType" : null,
        "documentState" : "COMPLETE"
      }
    }
  }, {
    "objectGuid" : "6ypsCuXKXyFc9NKN69asEo",
    "objectName" : "P3_VACCINES_SFDC_SYNC_VAC_PODS_INS",
    "objectType" : "DSS",
    "path" : "/Explore/Default",
    "metadata" : {
      "modelVersion" : {
        "major" : 0,
        "minor" : 0
      },
      "repoInfo" : {
        "repoHandle" : "000BNL0I0000000002DW"
      },
      "objectRefs" : [ "9kjqBZ0XXmth6NYjFMwe6K", "780clhe0iaRcgFkO9z110H" ],
      "contextAttributes" : [ {
        "name" : "id",
        "value" : "@1"
      } ],
      "additionalInfo" : {
        "description" : "DSS task for inserting Milestone data into SFDC",
        "contentType" : "JSON",
        "documentState" : "VALID"
      }
    }
  }, {
    "objectGuid" : "780clhe0iaRcgFkO9z110H",
    "objectName" : "iCUE_AWS_VSTG_SYNC_OWNER",
    "objectType" : "Connection",
    "path" : "/SYS",
    "metadata" : {
      "modelVersion" : {
        "major" : 0,
        "minor" : 0
      },
      "repoInfo" : {
        "repoHandle" : "000BNL0B00000000003U"
      },
      "objectRefs" : [ "k7U6qzGDBWfdhBDGmjebYr" ],
      "contextAttributes" : [ {
        "name" : "id",
        "value" : "@1"
      } ],
      "additionalInfo" : {
        "description" : "Oracle iCUE DB hosted on AWS",
        "contentType" : "JSON",
        "documentState" : "VALID"
      }
    }
  } ]
}